Player,YRS,is_retained,year,Cap_Pct
stephen curry,5,1,2017,0.35
blake griffin,5,1,2017,0.3
gordon hayward,4,0,2017,0.3
jrue holiday,5,1,2017,0.2592
otto porter,4,0,2017,0.25
kyle lowry,3,1,2017,0.2897
tim hardaway,4,0,2017,0.1664999999999999
serge ibaka,3,1,2017,0.2025
danilo gallinari,3,0,2017,0.2075
paul millsap,2,0,2017,0.3105
george hill,3,0,2017,0.2018
jeff teague,3,0,2017,0.1917
joe ingles,4,1,2017,0.1427
dion waiters,4,1,2017,0.111
kevin durant,2,1,2017,0.2523
kelly olynyk,4,0,2017,0.1211999999999999
pau gasol,3,1,2017,0.1614999999999999
andre iguodala,3,1,2017,0.1495
patty mills,4,1,2017,0.1081
tony snell,4,1,2017,0.0991
james johnson,3,1,2017,0.1408
mason plumlee,3,1,2017,0.1417
pj tucker,4,0,2017,0.0766
andre roberson,3,1,2017,0.0934
taj gibson,2,0,2017,0.1413
cj miles,3,0,2017,0.0801
zach randolph,2,0,2017,0.1242
shaun livingston,3,1,2017,0.0776
jj redick,1,0,2017,0.2321
kyle korver,3,1,2017,0.0706
bojan bogdanovic,2,0,2017,0.106
darren collison,2,0,2017,0.1009
jonathon simmons,3,0,2017,0.0636
rudy gay,2,0,2017,0.0848
alan williams,3,1,2017,0.0605
patrick patterson,3,0,2017,0.0524
jamychal green,2,1,2017,0.0861
nikola mirotic,1,1,2017,0.1261
shelvin mack,2,0,2017,0.0605
amir johnson,1,0,2017,0.111
nene hilario,3,1,2017,0.0351
ben mclemore,2,0,2017,0.0525
thabo sefolosha,2,0,2017,0.053
mike muscala,2,1,2017,0.0504999999999999
justin holiday,2,0,2017,0.0466
ron baker,2,1,2017,0.0437
jamal crawford,2,0,2017,0.0437
vince carter,1,0,2017,0.0807
jodie meeks,2,0,2017,0.0332
ersan ilyasova,1,1,2017,0.0036
eric moreland,3,0,2017,0.0176
nick young,1,0,2017,0.0524
reggie bullock,2,1,2017,0.0252
dirk nowitzki,1,1,2017,0.0504999999999999
troy williams,3,1,2017,0.0022
aron baynes,1,0,2017,0.0437
nerlens noel,1,1,2017,0.0423
tyler zeller,2,0,2017,0.0173
zaza pachulia,1,1,2017,0.0351
shabazz muhammad,2,1,2017,0.0033
rajon rondo,1,0,2017,0.0333
tyreke evans,1,0,2017,0.0332
anthony tolliver,1,0,2017,0.0332
tarik black,1,0,2017,0.0332
tyler ennis,2,1,2017,0.0154
joffrey lauvergne,2,0,2017,0.0154
quinn cook,2,0,2017,0.0002
wayne selden,2,1,2017,0.0132
michael carterwilliams,1,0,2017,0.0272
nick collison,1,1,2017,0.0148
jeff green,1,0,2017,0.0148
arron afflalo,1,0,2017,0.0148
ramon sessions,1,0,2017,0.0023
david west,1,1,2017,0.0148
udonis haslem,1,1,2017,0.0148
gerald green,1,0,2017,0.0088
raymond felton,1,0,2017,0.0148
jason terry,1,1,2017,0.0148
jose calderon,1,0,2017,0.0148
jarrett jack,1,0,2017,0.0148
dante cunningham,1,1,2017,0.0232
michael beasley,1,0,2017,0.0148
luc richard mbah a moute,1,0,2017,0.0148
marreese speights,1,0,2017,0.0148
aaron brooks,1,0,2017,0.0148
javale mcgee,1,1,2017,0.0148
derrick rose,1,0,2017,0.0029
luke babbitt,1,0,2017,0.0148
mike scott,1,0,2017,0.0148
ian clark,1,0,2017,0.0148
shane larkin,1,0,2017,0.0148
jordan mickey,1,0,2017,0.0148
marcus georgeshunt,1,0,2017,0.0132
mario chalmers,1,0,2017,0.0148
chris paul,4,1,2018,0.35
lebron james,4,0,2018,0.35
nikola jokic,5,1,2018,0.25
paul george,4,1,2018,0.3
aaron gordon,4,1,2018,0.2119
zach lavine,4,1,2018,0.1914
kevin durant,2,1,2018,0.2945
will barton,4,1,2018,0.1161
marcus smart,4,1,2018,0.1144999999999999
jusuf nurkic,4,1,2018,0.1213
derrick favors,2,1,2018,0.1659
kyle anderson,4,0,2018,0.0848
dante exum,3,1,2018,0.0942
jerami grant,3,1,2018,0.085
avery bradley,2,1,2018,0.1177999999999999
deandre jordan,1,0,2018,0.2248
doug mcdermott,3,0,2018,0.072
ersan ilyasova,3,0,2018,0.0687
nemanja bjelica,3,0,2018,0.0638
jabari parker,1,0,2018,0.1963
fred vanvleet,2,1,2018,0.085
julius randle,2,0,2018,0.0848
joe harris,2,1,2018,0.0818
trevor ariza,1,0,2018,0.1472
davis bertans,2,1,2018,0.0687
tyreke evans,1,0,2018,0.1217
jj redick,1,1,2018,0.1202999999999999
montrezl harrell,2,1,2018,0.0588999999999999
kentavious caldwellpope,1,1,2018,0.1177999999999999
marco belinelli,2,0,2018,0.0604
dwight howard,2,0,2018,0.0524
aron baynes,2,1,2018,0.051
rudy gay,1,1,2018,0.099
tony parker,2,0,2018,0.0491
rajon rondo,1,0,2018,0.0883
alex len,2,0,2018,0.0426999999999999
wayne ellington,1,1,2018,0.0233999999999999
yogi ferrell,2,0,2018,0.0295
patrick mccaw,2,0,2018,0.0077
bryn forbes,2,1,2018,0.0306999999999999
anthony tolliver,1,0,2018,0.0564
demarcus cousins,1,0,2018,0.0524
dirk nowitzki,1,1,2018,0.0491
georges niang,3,1,2018,0.0148
monte morris,3,1,2018,0.0132
ed davis,1,0,2018,0.0437
kyle oquinn,1,0,2018,0.0437
lance stephenson,1,0,2018,0.0437
raul neto,2,1,2018,0.0210999999999999
mike scott,1,0,2018,0.0424
glenn robinson,1,0,2018,0.04
torrey craig,2,1,2018,0.0196
shabazz napier,2,0,2018,0.0191
nerlens noel,2,0,2018,0.0173
rodney hood,1,1,2018,0.0341
james ennis,2,0,2018,0.0159
brook lopez,1,0,2018,0.0332
pat connaughton,2,0,2018,0.0161
treveon graham,2,0,2018,0.0148
derrick jones,2,1,2018,0.0148
elfrid payton,1,0,2018,0.0295
tyrone wallace,2,1,2018,0.0132
seth curry,1,0,2018,0.0274
dante cunningham,1,0,2018,0.0243999999999999
channing frye,1,0,2018,0.0148
devin harris,1,0,2018,0.0148
luol deng,1,0,2018,0.0148
amir johnson,1,1,2018,0.0148
jose calderon,1,0,2018,0.0148
vince carter,1,0,2018,0.0148
raymond felton,1,1,2018,0.0148
zaza pachulia,1,0,2018,0.0148
jeff green,1,0,2018,0.0148
jamal crawford,1,0,2018,0.0148
udonis haslem,1,1,2018,0.0148
javale mcgee,1,0,2018,0.0148
dwyane wade,1,1,2018,0.0148
gerald green,1,1,2018,0.0148
derrick rose,1,1,2018,0.0148
jonas jerebko,1,0,2018,0.0148
greg monroe,1,0,2018,0.0006
isaiah thomas,1,0,2018,0.0148
shelvin mack,1,0,2018,0.0148
michael carterwilliams,1,0,2018,0.0006
nik stauskas,1,0,2018,0.0049
bruno caboclo,1,0,2018,0.0051
noah vonleh,1,0,2018,0.0148
luke kornet,1,1,2018,0.0159
jahlil okafor,1,0,2018,0.0154
kevon looney,1,1,2018,0.0148
salah mejri,1,1,2018,0.005
ryan arcidiacono,1,1,2018,0.0132
malcolm miller,1,1,2018,0.0045
klay thompson,5,1,2019,0.3
tobias harris,5,1,2019,0.3
khris middleton,5,1,2019,0.2804
kevin durant,4,0,2019,0.35
kristaps porzingis,5,1,2019,0.25
kemba walker,4,0,2019,0.3
jimmy butler,4,0,2019,0.3
kyrie irving,4,0,2019,0.2908
dangelo russell,4,0,2019,0.25
al horford,4,0,2019,0.2566
kawhi leonard,3,0,2019,0.3
nikola vucevic,4,1,2019,0.2566
harrison barnes,4,1,2019,0.2213
malcolm brogdon,4,0,2019,0.1833
bojan bogdanovic,4,0,2019,0.1558
julius randle,3,0,2019,0.1649
terry rozier,3,0,2019,0.1823
terrence ross,4,1,2019,0.1144999999999999
brook lopez,4,1,2019,0.1108
ricky rubio,3,0,2019,0.1484
jonas valanciunas,3,1,2019,0.1466
thaddeus young,3,0,2019,0.1182
patrick beverley,3,1,2019,0.1131
dewayne dedmon,3,0,2019,0.1222
deandre jordan,4,0,2019,0.0905
cory joseph,3,0,2019,0.11
maxi kleber,4,1,2019,0.0733
rudy gay,2,1,2019,0.1329
seth curry,4,0,2019,0.0684
jeremy lamb,3,0,2019,0.0962
kelly oubre jr,2,1,2019,0.1432
tomas satoransky,3,0,2019,0.0916
alfarouq aminu,3,0,2019,0.0848
george hill,3,1,2019,0.0837
delon wright,2,0,2019,0.0868
jj redick,2,0,2019,0.1235999999999999
tyus jones,3,0,2019,0.0848
trevor ariza,2,0,2019,0.1118
ivica zubac,3,1,2019,0.0594
demarre carroll,3,0,2019,0.0046999999999999
taj gibson,2,0,2019,0.0825
kentavious caldwellpope,2,1,2019,0.0741
elfrid payton,2,0,2019,0.0733
wayne ellington,2,0,2019,0.0733
marcus morris,1,0,2019,0.1374
bobby portis,1,0,2019,0.1374
derrick rose,2,0,2019,0.067
rodney mcgruder,3,1,2019,0.0441
kevon looney,3,1,2019,0.0409
darius miller,2,1,2019,0.0664
jabari parker,2,0,2019,0.0596
ishmael smith,2,0,2019,0.055
dorian finneysmith,3,1,2019,0.0366999999999999
rodney hood,2,1,2019,0.0524
jake layman,3,0,2019,0.0327999999999999
danuel house,3,1,2019,0.0324
trey lyles,2,0,2019,0.0504
daniel theis,2,1,2019,0.0458
mike scott,2,1,2019,0.0437
robin lopez,2,0,2019,0.0437
richaun holmes,2,0,2019,0.0437
jamychal green,2,1,2019,0.0437
ed davis,2,0,2019,0.0437
avery bradley,2,0,2019,0.0437
reggie bullock,2,0,2019,0.0366999999999999
javale mcgee,2,1,2019,0.0366999999999999
patrick mccaw,2,1,2019,0.0366999999999999
stanley johnson,2,0,2019,0.0332
tj mcconnell,2,0,2019,0.0321
boban marjanovic,2,0,2019,0.0321
markieff morris,2,0,2019,0.016
khem birch,2,1,2019,0.0275
quinn cook,2,0,2019,0.0275
ryan arcidiacono,2,1,2019,0.0275
alex caruso,2,1,2019,0.0252
wesley matthews,2,0,2019,0.0235
rajon rondo,2,1,2019,0.0235
vincent poirier,2,0,2019,0.023
frank kaminsky,1,0,2019,0.0437
garrett temple,1,0,2019,0.0437
justin holiday,1,0,2019,0.0437
austin rivers,2,1,2019,0.0199
luke kornet,2,0,2019,0.0206
willie cauleystein,2,0,2019,0.02
mike muscala,2,0,2019,0.0186
matt thomas,3,0,2019,0.0081999999999999
edmond sumner,2,1,2019,0.0183
james ennis,2,1,2019,0.0173
furkan korkmaz,2,1,2019,0.0148
wilson chandler,1,0,2019,0.0148
jose barea,1,1,2019,0.0148
jared dudley,1,0,2019,0.0148
kyle korver,1,0,2019,0.0148
thabo sefolosha,1,0,2019,0.0148
anthony tolliver,1,0,2019,0.0017
jeff green,1,0,2019,0.004
dwight howard,1,0,2019,0.0148
vince carter,1,1,2019,0.0148
udonis haslem,1,1,2019,0.0148
tyson chandler,1,0,2019,0.0148
rondae hollisjefferson,1,0,2019,0.0229
patrick patterson,1,0,2019,0.0148
alec burks,1,0,2019,0.0148
troy daniels,1,0,2019,0.0034999999999999
michael carterwilliams,1,1,2019,0.0148
kyle oquinn,1,0,2019,0.0148
glenn robinson,1,0,2019,0.0148
emmanuel mudiay,1,0,2019,0.0148
raul neto,1,0,2019,0.0148
jakarr sampson,1,0,2019,0.0148
timothe luwawucabarrot,1,0,2019,0.006
cheick diallo,1,0,2019,0.0154
pj dozier,1,0,2019,0.0017
brad wanamaker,1,1,2019,0.0132
theo pinson,1,1,2019,0.0132
shaquille harrison,1,1,2019,0.0081999999999999
anthony davis,5,1,2020,0.3
brandon ingram,5,1,2020,0.25
gordon hayward,4,0,2020,0.2611
fred vanvleet,4,1,2020,0.1946999999999999
davis bertans,5,1,2020,0.1374
joe harris,4,1,2020,0.1473
bogdan bogdanovic,4,0,2020,0.1649
marcus morris,4,1,2020,0.1364
danilo gallinari,3,0,2020,0.1787
jerami grant,3,0,2020,0.1745
malik beasley,4,1,2020,0.123
jordan clarkson,4,1,2020,0.1054
christian wood,3,0,2020,0.1193
kentavious caldwellpope,3,1,2020,0.1106
deanthony melton,4,1,2020,0.0877
jae crowder,3,0,2020,0.0848
derrick favors,3,0,2020,0.0848
dario saric,3,1,2020,0.0848
jakob poeltl,3,1,2020,0.0742
mason plumlee,3,0,2020,0.0733
juancho hernangomez,3,1,2020,0.0595
dj augustin,3,0,2020,0.0611
rodney hood,2,1,2020,0.0921
tristan thompson,2,0,2020,0.0848
serge ibaka,2,0,2020,0.0848
derrick jones,2,0,2020,0.0848
montrezl harrell,2,0,2020,0.0848
justin holiday,3,1,2020,0.0524
goran dragic,1,1,2020,0.1649
pat connaughton,3,1,2020,0.0452
rajon rondo,2,0,2020,0.0756
jamychal green,2,0,2020,0.066
aron baynes,2,0,2020,0.0641
chris boucher,2,1,2020,0.0596
jevon carter,3,1,2020,0.036
kris dunn,2,0,2020,0.0437
paul millsap,1,1,2020,0.0916
austin rivers,3,0,2020,0.0017
josh jackson,2,0,2020,0.0437
trey burke,3,1,2020,0.0275
john konchar,4,1,2020,0.0192
willie cauleystein,2,1,2020,0.0375999999999999
bobby portis,2,0,2020,0.0332
robin lopez,1,0,2020,0.0669
michael carterwilliams,2,1,2020,0.0302
kenrich williams,3,0,2020,0.0183
alec burks,1,0,2020,0.055
jontay porter,3,1,2020,0.0174
avery bradley,1,0,2020,0.0516
chimezie metu,3,0,2020,0.0064
drew eubanks,3,1,2020,0.0148
marc gasol,2,0,2020,0.0235
nerlens noel,1,0,2020,0.0458
bryn forbes,2,0,2020,0.0214
garrett temple,1,0,2020,0.0437
elfrid payton,1,1,2020,0.0437
jahlil okafor,2,0,2020,0.0173
damian jones,2,0,2020,0.0022
deandre bembry,2,0,2020,0.0159
maurice harkless,1,0,2020,0.0332
wesley matthews,1,0,2020,0.0332
dwayne bacon,2,0,2020,0.0154
bismack biyombo,1,1,2020,0.0321
wenyen gabriel,2,0,2020,0.0148
james ennis,1,1,2020,0.0302
oshae brissett,2,1,2020,0.0069
kelan martin,2,0,2020,0.0132
patrick patterson,1,1,2020,0.0282
nicolas batum,1,0,2020,0.0148
jeff teague,1,0,2020,0.0046999999999999
wayne ellington,1,0,2020,0.0148
jared dudley,1,1,2020,0.0148
udonis haslem,1,1,2020,0.0148
dwight howard,1,0,2020,0.0148
carmelo anthony,1,1,2020,0.0148
jeff green,1,0,2020,0.0148
reggie jackson,1,1,2020,0.0148
markieff morris,1,1,2020,0.0148
hassan whiteside,1,0,2020,0.0148
kent bazemore,1,0,2020,0.0148
alex len,1,0,2020,0.0116
solomon hill,1,0,2020,0.0148
matthew dellavedova,1,1,2020,0.0148
langston galloway,1,0,2020,0.0148
tyler johnson,1,1,2020,0.0148
frank kaminsky,1,0,2020,0.0148
raul neto,1,0,2020,0.0148
jakarr sampson,1,1,2020,0.0148
willy hernangomez,1,0,2020,0.0148
harry giles,1,0,2020,0.0148
torrey craig,1,0,2020,0.0148
daquan jeffries,1,1,2020,0.0132
kawhi leonard,4,1,2021,0.35
john collins,5,1,2021,0.2046
chris paul,4,1,2021,0.2739999999999999
jarrett allen,5,1,2021,0.1779
norman powell,5,1,2021,0.138
duncan robinson,5,1,2021,0.1392
kyle lowry,3,0,2021,0.24
demar derozan,3,0,2021,0.2312999999999999
lonzo ball,4,0,2021,0.1655
tim hardaway,4,1,2021,0.1895
evan fournier,4,0,2021,0.1525
mike conley,3,1,2021,0.1868
lauri markkanen,4,0,2021,0.1396
spencer dinwiddie,3,0,2021,0.1718
gary trent,3,1,2021,0.1442999999999999
devonte graham,4,0,2021,0.0978999999999999
richaun holmes,4,1,2021,0.0924
derrick rose,3,1,2021,0.1196
doug mcdermott,3,0,2021,0.1223
josh hart,3,1,2021,0.1067
kelly olynyk,3,0,2021,0.1085
alex caruso,4,0,2021,0.0765
daniel theis,4,0,2021,0.0737
tj mcconnell,4,1,2021,0.0667
talen hortontucker,3,1,2021,0.0844999999999999
reggie bullock,3,0,2021,0.0848
alec burks,3,1,2021,0.0848
nerlens noel,3,1,2021,0.0783
kelly oubre jr,2,0,2021,0.1067
zach collins,3,0,2021,0.0623
reggie jackson,2,1,2021,0.0924
khem birch,3,1,2021,0.0565
danny green,2,1,2021,0.089
cameron payne,3,1,2021,0.0578
rudy gay,3,0,2021,0.0524
kemba walker,2,0,2021,0.0776999999999999
jamychal green,2,1,2021,0.0729
garrett temple,3,0,2021,0.0437
david nwaba,3,1,2021,0.0414
pj tucker,2,0,2021,0.0623
jarred vanderbilt,3,1,2021,0.036
patty mills,2,0,2021,0.0524
hamidou diallo,2,1,2021,0.0463
kendrick nunn,2,0,2021,0.0445
taj gibson,2,1,2021,0.0437
cory joseph,2,1,2021,0.0437
torrey craig,2,0,2021,0.0434
ishmael smith,2,0,2021,0.04
maurice harkless,2,1,2021,0.0387
jeff green,2,0,2021,0.04
bobby portis,2,1,2021,0.0387
justise winslow,2,0,2021,0.0347
george hill,2,0,2021,0.0356
terence davis,2,1,2021,0.0356
didi louzada,4,1,2021,0.0159
alex len,2,0,2021,0.0332
willy hernangomez,3,1,2021,0.0207
boban marjanovic,2,1,2021,0.0311
mike muscala,2,1,2021,0.0311
georges niang,2,0,2021,0.0294
nicolas batum,2,1,2021,0.0282
jordan mclaughlin,3,1,2021,0.0178
frank jackson,2,1,2021,0.0266999999999999
sterling brown,2,0,2021,0.0266999999999999
dennis schröder,1,0,2021,0.0524
saben lee,3,1,2021,0.0132
trey lyles,2,0,2021,0.0222
louis williams,1,1,2021,0.0445
javale mcgee,1,0,2021,0.0445
robin lopez,1,0,2021,0.0445
bruce brown,1,1,2021,0.0421
bryn forbes,1,0,2021,0.04
gorgui dieng,1,0,2021,0.0356
frank ntilikina,2,0,2021,0.0159
tony bradley,2,0,2021,0.0159
sviatoslav mykhailiuk,2,0,2021,0.0154
thanasis antetokounmpo,2,1,2021,0.0154
keita batesdiop,2,1,2021,0.0154
moritz wagner,2,1,2021,0.0154
javonte green,2,1,2021,0.0148
gabe vincent,2,1,2021,0.0148
max strus,2,1,2021,0.0148
omer yurtseven,2,1,2021,0.0132
will barton,2,1,2021,0.139
deandre jordan,1,0,2021,0.0033
udonis haslem,1,1,2021,0.0148
dwight howard,1,0,2021,0.0148
avery bradley,1,0,2021,0.0148
rajon rondo,1,0,2021,0.0148
paul millsap,1,0,2021,0.0148
carmelo anthony,1,0,2021,0.0148
markieff morris,1,0,2021,0.0148
wayne ellington,1,0,2021,0.0148
blake griffin,1,1,2021,0.0148
lamarcus aldridge,1,1,2021,0.0148
jock landale,2,0,2021,0.0081999999999999
kent bazemore,1,0,2021,0.0148
andre drummond,1,0,2021,0.0148
austin rivers,1,1,2021,0.0148
victor oladipo,1,1,2021,0.0148
tony snell,1,0,2021,0.0148
otto porter,1,0,2021,0.0148
ben mclemore,1,0,2021,0.0148
dewayne dedmon,1,1,2021,0.0148
rodney hood,1,0,2021,0.0148
elfrid payton,1,0,2021,0.0148
nemanja bjelica,1,0,2021,0.0148
stanley johnson,1,0,2021,0.0079
raul neto,1,1,2021,0.0148
timothe luwawucabarrot,1,0,2021,0.0148
malik monk,1,0,2021,0.0148
ryan arcidiacono,1,0,2021,0.0049
luke kornet,1,1,2021,0.005
isaac bonga,1,0,2021,0.0148
juwan morgan,1,0,2021,0.0002
garrison mathews,1,0,2021,0.0178
armoni brooks,1,1,2021,0.0022
amir coffey,1,1,2021,0.0014
caleb martin,1,0,2021,0.0046999999999999
killian tillie,1,1,2021,0.0169
trent forrest,1,1,2021,0.0001
rayjon tucker,1,1,2021,0.0003
bradley beal,5,1,2022,0.35
zach lavine,5,1,2022,0.3
deandre ayton,4,1,2022,0.25
jalen brunson,4,0,2022,0.2243
anfernee simons,4,1,2022,0.1805
luguentz dort,5,1,2022,0.1235999999999999
collin sexton,4,0,2022,0.1334
jusuf nurkic,4,1,2022,0.1264
james harden,2,1,2022,0.2669
mitchell robinson,4,1,2022,0.1378
bobby portis,4,1,2022,0.0877
marvin bagley,3,1,2022,0.1011
chris boucher,3,1,2022,0.1026
pj tucker,3,0,2022,0.0848
cody martin,4,1,2022,0.0566
tyus jones,2,1,2022,0.1213
gary payton,3,0,2022,0.0670999999999999
nicolas batum,2,1,2022,0.0877
kevon looney,3,1,2022,0.0566
jaesean tate,3,1,2022,0.0571
mohamed bamba,2,1,2022,0.0833
caleb martin,3,1,2022,0.0524
malik monk,2,0,2022,0.0766
ricky rubio,3,0,2022,0.0473
victor oladipo,2,1,2022,0.0708
kyle anderson,2,0,2022,0.071
nic claxton,2,1,2022,0.0756
javale mcgee,3,0,2022,0.0441999999999999
delon wright,2,0,2022,0.0630999999999999
isaiah hartenstein,2,0,2022,0.0716
jalen smith,3,1,2022,0.0378
danilo gallinari,2,0,2022,0.0524
bruce brown,2,0,2022,0.0524
patty mills,2,1,2022,0.0524
otto porter,2,0,2022,0.0484999999999999
donte divincenzo,2,0,2022,0.0364
dewayne dedmon,2,1,2022,0.0046999999999999
danuel house,2,0,2022,0.0332
mike muscala,2,1,2022,0.0283
vlatko cancar,3,1,2022,0.0181
derrick jones,2,1,2022,0.0259
andre drummond,2,0,2022,0.0259
joe ingles,1,0,2022,0.0524
lonnie walker,1,0,2022,0.0524
kevin knox,2,0,2022,0.0243
jordan nwora,2,1,2022,0.0226
jericho sims,3,1,2022,0.0132
sam hauser,3,1,2022,0.0132
montrezl harrell,2,0,2022,0.0199
damian jones,2,0,2022,0.0186
luke kornet,2,1,2022,0.0173
bol bol,2,1,2022,0.0178
joe wieskamp,2,1,2022,0.0044
jevon carter,2,1,2022,0.017
anthony gill,2,1,2022,0.0148
nathan knight,2,1,2022,0.0148
justin champagnie,2,1,2022,0.0002
kessler edwards,2,1,2022,0.0132
blake griffin,1,0,2022,0.0148
austin rivers,1,0,2022,0.0148
taj gibson,1,0,2022,0.0148
robin lopez,1,0,2022,0.0148
andre iguodala,1,1,2022,0.0148
udonis haslem,1,1,2022,0.0148
wesley matthews,1,1,2022,0.0148
bismack biyombo,1,1,2022,0.0148
goran dragic,1,0,2022,0.0032
deandre jordan,1,0,2022,0.0148
gorgui dieng,1,0,2022,0.005
dennis schröder,1,0,2022,0.0148
tj warren,1,0,2022,0.0148
jamychal green,1,0,2022,0.0148
matthew dellavedova,1,0,2022,0.0148
raul neto,1,0,2022,0.0148
frank kaminsky,1,0,2022,0.0148
rodney mcgruder,1,1,2022,0.0148
thomas bryant,1,0,2022,0.0148
damion lee,1,0,2022,0.0148
troy brown,1,0,2022,0.0148
aaron holiday,1,0,2022,0.0148
josh okogie,1,0,2022,0.0148
yuta watanabe,1,0,2022,0.0148
theo pinson,1,1,2022,0.0148
drew eubanks,1,1,2022,0.0148
juan toscanoanderson,1,0,2022,0.0148
anthony lamb,1,0,2022,0.002
bruno fernando,1,1,2022,0.022
david duke,1,1,2022,0.0002
ishmail wainright,1,1,2022,0.0038
admiral schofield,1,1,2022,0.0040999999999999
jerami grant,5,1,2023,0.2028
fred vanvleet,3,0,2023,0.3
kyrie irving,3,1,2023,0.2796
draymond green,4,1,2023,0.1641
cameron johnson,4,1,2023,0.1798
khris middleton,3,1,2023,0.2155999999999999
kyle kuzma,4,1,2023,0.188
dillon brooks,4,0,2023,0.1664
jakob poeltl,4,1,2023,0.1434
max strus,4,0,2023,0.1065
austin reaves,4,1,2023,0.0883
herb jones,4,1,2023,0.0883
grant williams,4,0,2023,0.0911999999999999
rui hachimura,3,1,2023,0.1157
brook lopez,2,1,2023,0.1838
donte divincenzo,4,0,2023,0.0801
pj washington,3,1,2023,0.1239
bruce brown,2,0,2023,0.1617
dangelo russell,2,1,2023,0.1272
coby white,3,1,2023,0.0817
matisse thybulle,3,1,2023,0.0771999999999999
gabe vincent,3,0,2023,0.0771999999999999
caris levert,2,1,2023,0.1131
jock landale,4,0,2023,0.0588
georges niang,3,0,2023,0.0647
dennis schröder,2,0,2023,0.0911999999999999
paul reed,3,1,2023,0.0567999999999999
joe ingles,2,0,2023,0.0809
ayo dosunmu,3,1,2023,0.0476999999999999
tre jones,2,1,2023,0.0728
jevon carter,3,0,2023,0.0455
jeff green,2,0,2023,0.0588
trey lyles,2,1,2023,0.0588
moritz wagner,2,1,2023,0.0588
dwight powell,3,1,2023,0.0294
julian champagnie,4,1,2023,0.0220999999999999
reggie jackson,2,1,2023,0.0368
shake milton,2,0,2023,0.0034999999999999
jalen mcdaniels,2,0,2023,0.0332
nickeil alexanderwalker,2,1,2023,0.0345
seth curry,2,0,2023,0.0294
troy brown,2,0,2023,0.0294
miles bridges,1,1,2023,0.0582
kevin love,2,1,2023,0.0282
russell westbrook,2,1,2023,0.0282
eric gordon,2,0,2023,0.0235
derrick rose,2,0,2023,0.0235
aj green,3,1,2023,0.0139999999999999
josh richardson,2,0,2023,0.0213
josh okogie,2,1,2023,0.0207
christian wood,2,0,2023,0.0199
omer yurtseven,2,0,2023,0.0206
torrey craig,2,0,2023,0.0186
damion lee,2,1,2023,0.0186
thomas bryant,2,0,2023,0.0186
keita batesdiop,2,0,2023,0.0173
drew eubanks,2,0,2023,0.0173
yuta watanabe,2,0,2023,0.0173
mason plumlee,1,1,2023,0.0368
bismack biyombo,1,0,2023,0.0055
ty jerome,2,0,2023,0.0179
cam reddish,2,0,2023,0.0159
jaxson hayes,2,0,2023,0.0159
oshae brissett,2,0,2023,0.0159
taurean prince,1,0,2023,0.0332
dalano banton,2,0,2023,0.0148
orlando robinson,2,1,2023,0.0132
jae crowder,1,1,2023,0.0148
alex len,1,1,2023,0.0148
garrett temple,1,0,2023,0.0148
wesley matthews,1,0,2023,0.0148
deandre jordan,1,1,2023,0.0148
taj gibson,1,1,2023,0.0026
markieff morris,1,1,2023,0.0148
justin holiday,1,0,2023,0.0148
cody zeller,1,0,2023,0.0148
patrick beverley,1,0,2023,0.0148
tristan thompson,1,0,2023,0.0148
kelly oubre jr,1,0,2023,0.0148
boban marjanovic,1,1,2023,0.0148
dario saric,1,0,2023,0.0148
derrick jones,1,0,2023,0.0148
malik beasley,1,0,2023,0.0148
dennis smith,1,0,2023,0.0148
chimezie metu,1,0,2023,0.0016
thanasis antetokounmpo,1,1,2023,0.0148
lonnie walker,1,0,2023,0.0148
mohamed bamba,1,0,2023,0.0148
aaron holiday,1,0,2023,0.0148
sviatoslav mykhailiuk,1,0,2023,0.0148
darius bazley,1,0,2023,0.0037
javonte green,1,0,2023,0.0009
bol bol,1,0,2023,0.0148
mamadi diakite,1,0,2023,0.0019
trendon watford,1,0,2023,0.0148
sandro mamukelashvili,1,1,2023,0.0148
lindy waters,1,1,2023,0.0056
neemias queta,1,0,2023,0.0006
keon ellis,1,1,2023,0.005
dominick barlow,1,1,2023,0.0034
jeff dowtin,1,0,2023,0.0009
trent forrest,1,1,2023,0.0039
luka garza,1,1,2023,0.0009
kendall brown,1,1,2023,0.0081
matt ryan,1,1,2023,0.011
jared butler,1,0,2023,0.0092
lester quinones,1,1,2023,0.004
og anunoby,5,1,2024,0.2606
paul george,4,0,2024,0.35
tyrese maxey,5,1,2024,0.25
pascal siakam,4,1,2024,0.3
immanuel quickley,5,1,2024,0.2312
lebron james,2,1,2024,0.3465999999999999
nic claxton,4,1,2024,0.196
patrick williams,5,1,2024,0.128
isaiah hartenstein,3,0,2024,0.2134
malik monk,4,1,2024,0.1238
miles bridges,3,1,2024,0.1932999999999999
demar derozan,3,0,2024,0.1664
james harden,2,1,2024,0.2394
kentavious caldwellpope,3,0,2024,0.1619
obi toppin,4,1,2024,0.0923
tobias harris,2,0,2024,0.1804
klay thompson,3,0,2024,0.1128999999999999
isaiah joe,4,1,2024,0.0924
aaron wiggins,4,1,2024,0.0781
royce oneale,4,1,2024,0.0667
buddy hield,4,0,2024,0.0625
caleb martin,4,0,2024,0.0653
isaac okoro,3,1,2024,0.0724
max christie,4,1,2024,0.0508
jonas valanciunas,3,0,2024,0.0704
derrick jones,3,0,2024,0.0677
kyle anderson,3,0,2024,0.0625
naji marshall,3,0,2024,0.061
jalen smith,3,0,2024,0.061
goga bitadze,3,1,2024,0.0644
moritz wagner,2,1,2024,0.0782
saddiq bey,3,0,2024,0.0458
kelly oubre jr,2,1,2024,0.0567999999999999
kris dunn,3,0,2024,0.0368
simone fontecchio,2,1,2024,0.0547
josh okogie,2,1,2024,0.0587
sviatoslav mykhailiuk,4,0,2024,0.0249
gary harris,2,1,2024,0.0533
deanthony melton,1,0,2024,0.0911999999999999
johnny juzang,4,1,2024,0.022
haywood highsmith,2,1,2024,0.037
dario saric,2,0,2024,0.0368
chris paul,1,0,2024,0.0781
vit krejci,4,1,2024,0.0154
andre drummond,2,0,2024,0.0356
drew eubanks,2,0,2024,0.0356
nicolas batum,2,0,2024,0.0332
aaron holiday,2,1,2024,0.0332
luke kennard,1,1,2024,0.0658
shake milton,3,0,2024,0.0204999999999999
daquan jeffries,3,0,2024,0.0173
kevin love,2,1,2024,0.0274
neemias queta,3,1,2024,0.0154
eric gordon,2,0,2024,0.0235
russell westbrook,2,0,2024,0.0235
precious achiuwa,1,1,2024,0.0426999999999999
malik beasley,1,0,2024,0.0426999999999999
xavier tillman,2,1,2024,0.0159
anthony gill,2,1,2024,0.0159
luka garza,2,1,2024,0.0154
keon johnson,2,1,2024,0.0154
doug mcdermott,1,0,2024,0.0148
alec burks,1,0,2024,0.0148
deandre jordan,1,1,2024,0.0148
seth curry,1,1,2024,0.0148
alex len,1,1,2024,0.0053
mason plumlee,1,0,2024,0.0148
garrett temple,1,1,2024,0.0148
tristan thompson,1,1,2024,0.0148
markieff morris,1,1,2024,0.0148
joe ingles,1,0,2024,0.0148
james johnson,1,1,2024,0.0148
spencer dinwiddie,1,0,2024,0.0148
kyle lowry,1,1,2024,0.0148
patty mills,1,0,2024,0.0148
taj gibson,1,0,2024,0.0148
tyus jones,1,0,2024,0.0148
cameron payne,1,0,2024,0.0148
delon wright,1,0,2024,0.0148
taurean prince,1,0,2024,0.0148
monte morris,1,0,2024,0.0148
luke kornet,1,1,2024,0.0148
thomas bryant,1,1,2024,0.0148
damion lee,1,1,2024,0.0148
trendon watford,1,1,2024,0.0194
landry shamet,1,0,2024,0.0096
gary trent,1,0,2024,0.0148
lonnie walker,1,0,2024,0.0056
talen hortontucker,1,0,2024,0.0148
jordan mclaughlin,1,0,2024,0.0148
bol bol,1,1,2024,0.0148
vlatko cancar,1,1,2024,0.0148
javonte green,1,0,2024,0.0043
chuma okeke,1,0,2024,0.0008
lamar stevens,1,0,2024,0.0027
brandon boston,1,0,2024,0.0042
sandro mamukelashvili,1,1,2024,0.0148
braxton key,1,0,2024,0.0001
jordan goodwin,1,0,2024,0.0016
colin castleton,1,0,2024,0.0007
jd davison,1,1,2024,0.0001
jay huff,1,0,2024,0.0149
moussa diabate,1,0,2024,0.0068
dominick barlow,1,0,2024,0.0034999999999999
jeenathan williams,1,1,2024,0.0037
brandon williams,1,1,2024,0.0003
cj mccollum,4,1,2017,0.2418
rudy gobert,4,1,2017,0.2218
giannis antetokounmpo,4,1,2017,0.2268
steven adams,4,1,2017,0.2268
victor oladipo,4,1,2017,0.2119
dennis schröder,4,1,2017,0.1564
gorgui dieng,4,1,2017,0.1424
cody zeller,4,1,2017,0.127
russell westbrook,5,1,2018,0.35
joel embiid,5,1,2018,0.25
andrew wiggins,5,1,2018,0.25
gary harris,4,1,2018,0.1621
tj warren,4,1,2018,0.1153
robert covington,4,1,2018,0.1027
josh richardson,4,1,2018,0.092
norman powell,4,1,2018,0.092
louis williams,3,1,2018,0.0785
james harden,4,1,2019,0.35
john wall,4,1,2019,0.35
devin booker,5,1,2019,0.25
karlanthony towns,5,1,2019,0.25
kevin love,4,1,2019,0.2652
myles turner,4,1,2019,0.1649
eric bledsoe,4,1,2019,0.1432
lamarcus aldridge,2,1,2019,0.2382
larry nance,4,1,2019,0.1166
spencer dinwiddie,3,1,2019,0.0972
justise winslow,2,1,2019,0.1191
ben simmons,5,1,2020,0.28
jamal murray,5,1,2020,0.25
pascal siakam,4,1,2020,0.28
jaylen brown,4,1,2020,0.2147
draymond green,4,1,2020,0.2037999999999999
buddy hield,4,1,2020,0.2288
eric gordon,4,1,2020,0.1546
domantas sabonis,4,1,2020,0.1814
dejounte murray,4,1,2020,0.1309
caris levert,3,1,2020,0.1485
royce oneale,4,1,2020,0.0779
dillon brooks,3,1,2020,0.1045
dwight powell,3,1,2020,0.1015
cedi osman,4,1,2020,0.081
kyle lowry,1,1,2020,0.2794999999999999
taurean prince,2,1,2020,0.1122
giannis antetokounmpo,5,1,2021,0.35
rudy gobert,5,1,2021,0.3144
paul george,4,1,2021,0.35
damian lillard,4,1,2021,0.35
deaaron fox,5,1,2021,0.25
donovan mitchell,5,1,2021,0.25
jayson tatum,5,1,2021,0.25
bam adebayo,5,1,2021,0.25
jrue holiday,4,1,2021,0.2773
cj mccollum,3,1,2021,0.2746
lebron james,2,1,2021,0.3663
og anunoby,4,1,2021,0.143
derrick white,4,1,2021,0.135
jonathan isaac,4,1,2021,0.1548
luke kennard,4,1,2021,0.1186999999999999
markelle fultz,3,1,2021,0.1467999999999999
kyle kuzma,3,1,2021,0.1156
monte morris,3,1,2021,0.0787
joe ingles,1,1,2021,0.1159999999999999
stephen curry,4,1,2022,0.3887
trae young,5,1,2022,0.3
luka doncic,5,1,2022,0.3
kevin durant,4,1,2022,0.3568
shai gilgeousalexander,5,1,2022,0.25
michael porter,5,1,2022,0.25
julius randle,4,1,2022,0.2114
jaren jackson,4,1,2022,0.2341
terry rozier,4,1,2022,0.1737999999999999
mikal bridges,4,1,2022,0.1698
aaron gordon,4,1,2022,0.1673
marcus smart,4,1,2022,0.1412
kevin huerter,4,1,2022,0.1173
dorian finneysmith,4,1,2022,0.1046
wendell carter,4,1,2022,0.1144
robert williams,4,1,2022,0.0866
landry shamet,4,1,2022,0.0768
ivica zubac,3,1,2022,0.0819
jonas valanciunas,2,1,2022,0.1189
gary harris,2,1,2022,0.1051
robert covington,2,1,2022,0.0994999999999999
grayson allen,2,1,2022,0.0722
thaddeus young,2,1,2022,0.0647
taurean prince,2,1,2022,0.0574
patrick beverley,1,1,2022,0.0040999999999999
josh richardson,1,1,2022,0.0986
bruno fernando,4,1,2022,0.022
nikola jokic,5,1,2023,0.35
joel embiid,4,1,2023,0.35
zion williamson,5,1,2023,0.25
darius garland,5,1,2023,0.25
ja morant,5,1,2023,0.25
jimmy butler,3,1,2023,0.3322
jordan poole,4,1,2023,0.2018
tyler herro,4,1,2023,0.1985
andrew wiggins,4,1,2023,0.1789
rj barrett,4,1,2023,0.1755999999999999
lebron james,2,1,2023,0.35
deandre hunter,4,1,2023,0.1477
keldon johnson,4,1,2023,0.147
bogdan bogdanovic,4,1,2023,0.1375
nikola vucevic,3,1,2023,0.1361
harrison barnes,3,1,2023,0.125
brandon clarke,4,1,2023,0.0919
clint capela,2,1,2023,0.1516
malcolm brogdon,2,1,2023,0.1654
naz reid,3,1,2023,0.0951999999999999
myles turner,2,1,2023,0.1542
daniel gafford,3,1,2023,0.0911999999999999
bojan bogdanovic,2,1,2023,0.147
maxi kleber,3,1,2023,0.0809
kentavious caldwellpope,2,1,2023,0.1081
pat connaughton,3,1,2023,0.0693
nassir little,4,1,2023,0.0458999999999999
kenrich williams,4,1,2023,0.0454
steven adams,2,1,2023,0.0926
terance mann,2,1,2023,0.0778
larry nance,2,1,2023,0.0762999999999999
al horford,2,1,2023,0.0735
dean wade,3,1,2023,0.042
nick richards,3,1,2023,0.0368
jaylen brown,5,1,2024,0.35
tyrese haliburton,5,1,2024,0.3
anthony edwards,5,1,2024,0.3
karlanthony towns,4,1,2024,0.35
devin booker,4,1,2024,0.35
lamelo ball,5,1,2024,0.25
desmond bane,5,1,2024,0.2419
domantas sabonis,4,1,2024,0.2788
kawhi leonard,3,1,2024,0.35
devin vassell,5,1,2024,0.2087999999999999
jrue holiday,4,1,2024,0.2134
jaden mcdaniels,5,1,2024,0.1607
dejounte murray,4,1,2024,0.205
josh hart,4,1,2024,0.1291
grayson allen,4,1,2024,0.1110999999999999
cj mccollum,2,1,2024,0.2371
onyeka okongwu,4,1,2024,0.0996
isaiah stewart,4,1,2024,0.1067
kristaps porzingis,2,1,2024,0.2082
deni avdija,4,1,2024,0.1110999999999999
jarred vanderbilt,4,1,2024,0.0762
josh green,3,1,2024,0.09
cole anthony,3,1,2024,0.0917999999999999
zach collins,2,1,2024,0.1191
aaron nesmith,3,1,2024,0.0782
zeke nnaji,4,1,2024,0.0632
payton pritchard,4,1,2024,0.0475999999999999
jordan clarkson,2,1,2024,0.1002
kelly olynyk,2,1,2024,0.0911
richaun holmes,2,1,2024,0.09
mike conley,2,1,2024,0.071
john konchar,3,1,2024,0.0438999999999999
miles mcbride,3,1,2024,0.0335
