Team,Total Cap  Allocations,Cap Space  All,year,Salary_Cap,Payroll_Pct,Cap_Space_Pct
DAL,85147033.0,"$13,945,967",2017,94143000.0,0.9044435911326386,0.09555640886736139
CHI,90105625.0,"$8,987,375",2017,94143000.0,0.9571144429219379,0.042885557078062075
PHO,92518634.0,"$6,574,366",2017,94143000.0,0.9827457591111395,0.017254240888860517
IND,93661969.0,"$5,431,031",2017,94143000.0,0.994890422017569,0.005109577982430946
ORL,95538311.0,"$3,554,689",2017,94143000.0,1.0148211869177741,0.0
BRK,95964560.0,"$3,128,440",2017,94143000.0,1.0193488629000562,0.0
SAC,97154206.0,"$1,938,794",2017,94143000.0,1.0319854476700339,0.0
PHI,100020936.0,"$-927,936",2017,94143000.0,1.0624362512348235,0.0
ATL,100108457.0,"$-1,015,457",2017,94143000.0,1.063365911432608,0.0
NYK,104405156.0,"$-5,312,156",2017,94143000.0,1.1090060439968983,0.0
MIA,105065917.0,"$-5,972,917",2017,94143000.0,1.1160247389609423,0.0
LAL,105120157.0,"$-6,027,157",2017,94143000.0,1.1166008837619366,0.0
MIN,105179927.0,"$-6,086,927",2017,94143000.0,1.1172357689897283,0.0
DEN,106515203.0,"$-7,422,203",2017,94143000.0,1.1314192558129654,0.0
UTA,106862254.0,"$-7,769,254",2017,94143000.0,1.1351056796575423,0.0
MEM,112723222.0,"$-13,630,222",2017,94143000.0,1.1973616944435592,0.0
BOS,115075693.0,"$-15,982,693",2017,94143000.0,1.2223499676024772,0.0
MIL,116214360.0,"$-17,121,360",2017,94143000.0,1.2344450463656353,0.0
SAS,117624936.0,"$-18,531,936",2017,94143000.0,1.2494283802300756,0.0
HOU,118271451.0,"$-19,178,451",2017,94143000.0,1.2562957522067493,0.0
LAC,118817049.0,"$-19,724,049",2017,94143000.0,1.2620911698161308,0.0
DET,118897722.0,"$-19,804,722",2017,94143000.0,1.2629480896083618,0.0
POR,119265261.0,"$-20,172,261",2017,94143000.0,1.2668521398298334,0.0
TOR,119956468.0,"$-20,863,468",2017,94143000.0,1.2741942364275622,0.0
CHO,120170928.0,"$-21,077,928",2017,94143000.0,1.2764722602848857,0.0
NOP,120284741.0,"$-21,191,741",2017,94143000.0,1.2776811977523554,0.0
WAS,124114043.0,"$-25,021,043",2017,94143000.0,1.3183565745727244,0.0
OKC,134391728.0,"$-35,298,728",2017,94143000.0,1.4275275697608956,0.0
GSW,136843128.0,"$-37,750,128",2017,94143000.0,1.453566680475447,0.0
CLE,140394596.0,"$-41,301,596",2017,94143000.0,1.4912908660229651,0.0
DAL,87760060.0,"$14,108,940",2018,99093000.0,0.8856332939763656,0.11436670602363441
ATL,103572575.0,"$-1,703,575",2018,99093000.0,1.0452057663003442,0.0
SAC,104038467.0,"$-2,169,467",2018,99093000.0,1.0499073294783687,0.0
LAL,105333698.0,"$-3,464,698",2018,99093000.0,1.0629781922032837,0.0
PHO,108453793.0,"$-6,584,793",2018,99093000.0,1.0944647250562602,0.0
IND,110579462.0,"$-8,710,462",2018,99093000.0,1.115915977919732,0.0
PHI,111962081.0,"$-10,093,081",2018,99093000.0,1.129868719283905,0.0
CHI,112014084.0,"$-10,145,084",2018,99093000.0,1.130393509127789,0.0
UTA,114837858.0,"$-12,968,858",2018,99093000.0,1.1588897096666768,0.0
NOP,116073210.0,"$-14,204,210",2018,99093000.0,1.17135630165602,0.0
BRK,117571620.0,"$-15,702,620",2018,99093000.0,1.1864775513911174,0.0
ORL,117760938.0,"$-15,891,938",2018,99093000.0,1.1883880597014926,0.0
LAC,118570700.0,"$-16,701,700",2018,99093000.0,1.196559797362074,0.0
DEN,119128560.0,"$-17,259,560",2018,99093000.0,1.2021894583875754,0.0
MIN,121862669.0,"$-19,993,669",2018,99093000.0,1.229780801872988,0.0
NYK,123265800.0,"$-21,396,800",2018,99093000.0,1.243940540704187,0.0
CLE,123699800.0,"$-21,830,800",2018,99093000.0,1.248320264801752,0.0
MIL,123913271.0,"$-22,044,271",2018,99093000.0,1.2504745138405335,0.0
MEM,124214557.0,"$-22,345,557",2018,99093000.0,1.2535149506019598,0.0
CHO,124672166.0,"$-22,803,166",2018,99093000.0,1.258132925635514,0.0
DET,124996010.0,"$-23,127,010",2018,99093000.0,1.261401007134712,0.0
SAS,126132717.0,"$-24,263,717",2018,99093000.0,1.2728721201295752,0.0
MIA,126261568.0,"$-24,392,568",2018,99093000.0,1.2741724238846337,0.0
WAS,126590911.0,"$-24,721,911",2018,99093000.0,1.2774959987082841,0.0
BOS,128794955.0,"$-26,925,955",2018,99093000.0,1.2997381752495132,0.0
HOU,128871987.0,"$-27,002,987",2018,99093000.0,1.3005155460022404,0.0
POR,133096018.0,"$-31,227,018",2018,99093000.0,1.3431424823145934,0.0
OKC,147471767.0,"$-45,602,767",2018,99093000.0,1.4882157871898116,0.0
TOR,149687828.0,"$-47,818,828",2018,99093000.0,1.5105792336491983,0.0
GSW,154587831.0,"$-52,718,831",2018,99093000.0,1.5600277617995217,0.0
NYK,110055762.0,"$-915,762",2019,101869000.0,1.0803655871756863,0.0
ATL,112342555.0,"$-3,202,555",2019,101869000.0,1.102813957141034,0.0
CHI,113208742.0,"$-4,068,742",2019,101869000.0,1.11131690700802,0.0
IND,114591944.0,"$-5,451,944",2019,101869000.0,1.1248951496529858,0.0
SAC,116865503.0,"$-7,725,503",2019,101869000.0,1.1472136076725992,0.0
NOP,117626046.0,"$-8,486,046",2019,101869000.0,1.1546795001423398,0.0
BOS,119147447.0,"$-10,007,447",2019,101869000.0,1.1696143772884784,0.0
PHO,121137310.0,"$-11,997,310",2019,101869000.0,1.1891479252765806,0.0
LAL,122723507.0,"$-13,583,507",2019,101869000.0,1.204718874240446,0.0
UTA,127212555.0,"$-18,072,555",2019,101869000.0,1.248785744436482,0.0
CHO,127312849.0,"$-18,172,849",2019,101869000.0,1.2497702834031943,0.0
BRK,128264668.0,"$-19,124,668",2019,101869000.0,1.259113842287644,0.0
PHI,130102816.0,"$-20,962,816",2019,101869000.0,1.2771580755676408,0.0
LAC,130154932.0,"$-21,014,932",2019,101869000.0,1.277669673796739,0.0
MIL,130229664.0,"$-21,089,664",2019,101869000.0,1.2784032826473215,0.0
DEN,131854274.0,"$-22,714,274",2019,101869000.0,1.2943513139424163,0.0
MEM,132844749.0,"$-23,704,749",2019,101869000.0,1.3040743405746595,0.0
WAS,134529412.0,"$-25,389,412",2019,101869000.0,1.3206118838900942,0.0
CLE,135275863.0,"$-26,135,863",2019,101869000.0,1.327939441832157,0.0
DET,136015378.0,"$-26,875,378",2019,101869000.0,1.3351989123285788,0.0
SAS,136184793.0,"$-27,044,793",2019,101869000.0,1.3368619796012526,0.0
DAL,136193863.0,"$-27,053,863",2019,101869000.0,1.3369510155199325,0.0
MIN,136248239.0,"$-27,108,239",2019,101869000.0,1.3374847991047325,0.0
POR,137667430.0,"$-28,527,430",2019,101869000.0,1.3514163288144578,0.0
GSW,138003598.0,"$-28,863,598",2019,101869000.0,1.3547163317594164,0.0
MIA,138759297.0,"$-29,619,297",2019,101869000.0,1.362134672962334,0.0
OKC,139719723.0,"$-30,579,723",2019,101869000.0,1.3715627227125033,0.0
TOR,142301048.0,"$-33,161,048",2019,101869000.0,1.3969023746183824,0.0
ORL,146546422.0,"$-37,406,422",2019,101869000.0,1.4385772119094131,0.0
HOU,151594903.0,"$-42,454,903",2019,101869000.0,1.48813577241359,0.0
NYK,101969879.0,"$7,170,121",2020,109140000.0,0.9343034542789078,0.06569654572109218
OKC,104570165.0,"$4,569,835",2020,109140000.0,0.9581286879237676,0.0418713120762324
SAC,106822079.0,"$2,317,921",2020,109140000.0,0.9787619479567528,0.021238052043247246
CHO,107134070.0,"$2,005,930",2020,109140000.0,0.9816205790727506,0.018379420927249424
DET,115013466.0,"$-5,873,466",2020,109140000.0,1.0538158878504673,0.0
ATL,116695055.0,"$-7,555,055",2020,109140000.0,1.0692235202492213,0.0
ORL,118898403.0,"$-9,758,403",2020,109140000.0,1.089411792193513,0.0
DAL,125815404.0,"$-16,675,404",2020,109140000.0,1.1527891148982958,0.0
CLE,126527288.0,"$-17,387,288",2020,109140000.0,1.1593117830309694,0.0
CHI,128065350.0,"$-18,925,350",2020,109140000.0,1.1734043430456296,0.0
IND,129005732.0,"$-19,865,732",2020,109140000.0,1.1820206340480117,0.0
HOU,129533390.0,"$-20,393,390",2020,109140000.0,1.1868553234377863,0.0
PHO,130285572.0,"$-21,145,572",2020,109140000.0,1.1937472237493127,0.0
BOS,130767745.0,"$-21,627,745",2020,109140000.0,1.1981651548469856,0.0
DEN,131820534.0,"$-22,680,534",2020,109140000.0,1.2078113798790544,0.0
NOP,132616252.0,"$-23,476,252",2020,109140000.0,1.2151021806853584,0.0
MIL,133224345.0,"$-24,084,345",2020,109140000.0,1.2206738592633315,0.0
MEM,134245326.0,"$-25,105,326",2020,109140000.0,1.23002864211105,0.0
POR,135448164.0,"$-26,308,164",2020,109140000.0,1.2410496976360639,0.0
MIA,135572405.0,"$-26,432,405",2020,109140000.0,1.2421880612057907,0.0
LAC,137405301.0,"$-28,265,301",2020,109140000.0,1.2589820505772402,0.0
LAL,138544305.0,"$-29,404,305",2020,109140000.0,1.2694182242990655,0.0
UTA,138998838.0,"$-29,858,838",2020,109140000.0,1.2735829026937877,0.0
TOR,143726386.0,"$-34,586,386",2020,109140000.0,1.3168992669965183,0.0
PHI,147787869.0,"$-38,647,869",2020,109140000.0,1.3541127817482133,0.0
SAS,150150620.0,"$-41,010,620",2020,109140000.0,1.3757615906175555,0.0
MIN,159195461.0,"$-50,055,461",2020,109140000.0,1.4586353399303646,0.0
WAS,160772292.0,"$-51,632,292",2020,109140000.0,1.4730831225948324,0.0
BRK,168550487.0,"$-59,410,487",2020,109140000.0,1.5443511728055708,0.0
GSW,175825052.0,"$-66,685,052",2020,109140000.0,1.6110046912222833,0.0
OKC,90513233.0,"$21,900,767",2021,109140000.0,0.8293314366868243,0.1706685633131757
MEM,115994102.0,"$-3,580,102",2021,109140000.0,1.0628010078797874,0.0
NYK,118396240.0,"$-5,982,240",2021,109140000.0,1.0848107018508337,0.0
CHO,120990744.0,"$-8,576,744",2021,109140000.0,1.108582957669049,0.0
SAS,126419926.0,"$-14,005,926",2021,109140000.0,1.1583280740333517,0.0
ORL,126992175.0,"$-14,578,175",2021,109140000.0,1.1635713304013193,0.0
DET,128989131.0,"$-16,575,131",2021,109140000.0,1.1818685266630016,0.0
POR,129526823.0,"$-17,112,823",2021,109140000.0,1.186795153014477,0.0
HOU,132065764.0,"$-19,651,764",2021,109140000.0,1.2100583104269744,0.0
SAC,132576503.0,"$-20,162,503",2021,109140000.0,1.2147379787428991,0.0
ATL,132773339.0,"$-20,359,339",2021,109140000.0,1.2165414971596116,0.0
CLE,133138401.0,"$-20,724,401",2021,109140000.0,1.2198863936228697,0.0
PHO,133742329.0,"$-21,328,329",2021,109140000.0,1.2254199102070735,0.0
NOP,134663536.0,"$-22,249,536",2021,109140000.0,1.2338605094374198,0.0
BOS,135425801.0,"$-23,011,801",2021,109140000.0,1.2408447956752795,0.0
IND,136089712.0,"$-23,675,712",2021,109140000.0,1.2469279091075682,0.0
CHI,136118673.0,"$-23,704,673",2021,109140000.0,1.2471932655305114,0.0
MIA,138804919.0,"$-26,390,919",2021,109140000.0,1.2718061114165293,0.0
DEN,138963942.0,"$-26,549,942",2021,109140000.0,1.2732631665750411,0.0
UTA,145969091.0,"$-33,555,091",2021,109140000.0,1.3374481491662085,0.0
DAL,146734486.0,"$-34,320,486",2021,109140000.0,1.3444611141652922,0.0
TOR,149439621.0,"$-37,025,621",2021,109140000.0,1.3692470313358989,0.0
WAS,155635311.0,"$-43,221,311",2021,109140000.0,1.4260153106102254,0.0
PHI,156429129.0,"$-44,015,129",2021,109140000.0,1.4332887025838372,0.0
MIL,160663369.0,"$-48,249,369",2021,109140000.0,1.4720851108667765,0.0
LAL,160861720.0,"$-48,447,720",2021,109140000.0,1.473902510536925,0.0
MIN,165734220.0,"$-53,320,220",2021,109140000.0,1.5185470038482682,0.0
LAC,166162398.0,"$-53,748,398",2021,109140000.0,1.5224702034084663,0.0
BRK,172820410.0,"$-60,406,410",2021,109140000.0,1.5834745281290086,0.0
GSW,184024769.0,"$-71,610,769",2021,109140000.0,1.6861349551035367,0.0
SAS,101649048.0,"$22,005,952",2022,112414000.0,0.9042383333036811,0.09576166669631891
IND,122145349.0,"$1,509,651",2022,112414000.0,1.0865670557048055,0.0
DET,127673493.0,"$-4,018,493",2022,112414000.0,1.1357437062999272,0.0
MEM,127756781.0,"$-4,101,781",2022,112414000.0,1.1364846104577722,0.0
HOU,138296534.0,"$-14,641,534",2022,112414000.0,1.2302429768534169,0.0
ORL,139801010.0,"$-16,146,010",2022,112414000.0,1.2436263276816055,0.0
CHO,146049640.0,"$-22,394,640",2022,112414000.0,1.2992121977689612,0.0
UTA,147162541.0,"$-23,507,541",2022,112414000.0,1.309112219118615,0.0
ATL,149133740.0,"$-25,478,740",2022,112414000.0,1.3266473926735105,0.0
TOR,149260166.0,"$-25,605,166",2022,112414000.0,1.3277720390698668,0.0
NYK,150263571.0,"$-26,608,571",2022,112414000.0,1.3366980180404575,0.0
POR,151480955.0,"$-27,825,955",2022,112414000.0,1.3475274876794705,0.0
MIA,152766041.0,"$-29,111,041",2022,112414000.0,1.3589592132652517,0.0
CHI,153093665.0,"$-29,438,665",2022,112414000.0,1.3618736545270163,0.0
NOP,154090191.0,"$-30,435,191",2022,112414000.0,1.370738440051951,0.0
CLE,154561446.0,"$-30,906,446",2022,112414000.0,1.374930578041881,0.0
SAC,154815256.0,"$-31,160,256",2022,112414000.0,1.3771883929047983,0.0
OKC,155437627.0,"$-31,782,627",2022,112414000.0,1.3827248118561746,0.0
PHI,164391836.0,"$-40,736,836",2022,112414000.0,1.4623786716956964,0.0
BRK,164774911.0,"$-41,119,911",2022,112414000.0,1.465786387816464,0.0
DEN,169601210.0,"$-45,946,210",2022,112414000.0,1.5087196434607788,0.0
MIN,174906722.0,"$-51,251,722",2022,112414000.0,1.5559158289892718,0.0
PHO,175806777.0,"$-52,151,777",2022,112414000.0,1.5639224384863095,0.0
BOS,176795764.0,"$-53,140,764",2022,112414000.0,1.5727201594107496,0.0
LAL,180067292.0,"$-56,412,292",2022,112414000.0,1.6018226555411248,0.0
DAL,180090371.0,"$-56,435,371",2022,112414000.0,1.6020279591509954,0.0
MIL,181849255.0,"$-58,194,255",2022,112414000.0,1.6176744444642126,0.0
WAS,183801576.0,"$-60,146,576",2022,112414000.0,1.6350416851993523,0.0
LAC,193025318.0,"$-69,370,318",2022,112414000.0,1.7170932268222818,0.0
GSW,199320856.0,"$-75,665,856",2022,112414000.0,1.7730963758962406,0.0
UTA,131757411.0,"$4,263,589",2023,123655000.0,1.0655243297885246,0.0
DET,136419412.0,"$-398,412",2023,123655000.0,1.1032260078444058,0.0
ORL,139355784.0,"$-3,334,784",2023,123655000.0,1.1269724960575795,0.0
SAS,140908582.0,"$-4,887,582",2023,123655000.0,1.1395299987869476,0.0
CHO,141036011.0,"$-5,015,011",2023,123655000.0,1.140560519186446,0.0
HOU,145302009.0,"$-9,281,009",2023,123655000.0,1.1750597145283248,0.0
IND,146679278.0,"$-10,658,278",2023,123655000.0,1.1861977113743885,0.0
SAC,148693550.0,"$-12,672,550",2023,123655000.0,1.202487161861631,0.0
ATL,156139798.0,"$-20,118,798",2023,123655000.0,1.2627050907767579,0.0
BRK,157982129.0,"$-21,961,129",2023,123655000.0,1.2776040515951639,0.0
OKC,160502705.0,"$-24,481,705",2023,123655000.0,1.2979879907808014,0.0
TOR,161887358.0,"$-25,866,358",2023,123655000.0,1.3091857021551898,0.0
NYK,162956334.0,"$-26,935,334",2023,123655000.0,1.3178305284865148,0.0
MEM,162996801.0,"$-26,975,801",2023,123655000.0,1.3181577857749383,0.0
CHI,166348969.0,"$-30,327,969",2023,123655000.0,1.3452668230156484,0.0
CLE,168250835.0,"$-32,229,835",2023,123655000.0,1.3606472443491973,0.0
POR,171538887.0,"$-35,517,887",2023,123655000.0,1.3872377744531155,0.0
DAL,175321021.0,"$-39,300,021",2023,123655000.0,1.4178239537422668,0.0
NOP,176969502.0,"$-40,948,502",2023,123655000.0,1.4311552464518216,0.0
MIA,180754950.0,"$-44,733,950",2023,123655000.0,1.4617682261129756,0.0
PHI,181909301.0,"$-45,888,301",2023,123655000.0,1.471103481460515,0.0
LAL,181975999.0,"$-45,954,999",2023,123655000.0,1.4716428692733816,0.0
DEN,184751085.0,"$-48,730,085",2023,123655000.0,1.4940850349763455,0.0
MIL,188285708.0,"$-52,264,708",2023,123655000.0,1.5226695887752213,0.0
BOS,188759360.0,"$-52,738,360",2023,123655000.0,1.5265000202175407,0.0
WAS,189901033.0,"$-53,880,033",2023,123655000.0,1.535732748372488,0.0
PHO,195220617.0,"$-59,199,617",2023,123655000.0,1.5787523108649064,0.0
MIN,198497741.0,"$-62,476,741",2023,123655000.0,1.6052544660547492,0.0
LAC,202080521.0,"$-66,059,521",2023,123655000.0,1.6342284662973596,0.0
GSW,224848124.0,"$-88,827,124",2023,123655000.0,1.8183504427641421,0.0
DET,141808220.0,"$-1,220,220",2024,136021000.0,1.0425465185522824,0.0
ORL,152959238.0,"$-12,371,238",2024,136021000.0,1.1245266392689364,0.0
UTA,154114022.0,"$-13,526,022",2024,136021000.0,1.1330163871755097,0.0
SAS,162809380.0,"$-22,221,380",2024,136021000.0,1.1969429720410818,0.0
OKC,166001694.0,"$-25,413,694",2024,136021000.0,1.2204122451680255,0.0
CHO,167423486.0,"$-26,835,486",2024,136021000.0,1.23086498408334,0.0
MEM,167814933.0,"$-27,226,933",2024,136021000.0,1.2337428264753236,0.0
CHI,168006873.0,"$-27,418,873",2024,136021000.0,1.2351539321134237,0.0
PHI,170340647.0,"$-29,752,647",2024,136021000.0,1.2523113857419075,0.0
IND,171232577.0,"$-30,644,577",2024,136021000.0,1.2588686820417436,0.0
SAC,171370782.0,"$-30,782,782",2024,136021000.0,1.2598847383859846,0.0
HOU,173496349.0,"$-32,908,349",2024,136021000.0,1.2755114945486359,0.0
ATL,174418704.0,"$-33,830,704",2024,136021000.0,1.2822924695451439,0.0
LAC,174670238.0,"$-34,082,238",2024,136021000.0,1.2841416987082876,0.0
POR,176848446.0,"$-36,260,446",2024,136021000.0,1.3001554612890656,0.0
CLE,178212347.0,"$-37,624,347",2024,136021000.0,1.3101825968049052,0.0
TOR,178496026.0,"$-37,908,026",2024,136021000.0,1.3122681497709912,0.0
BRK,178836132.0,"$-38,248,132",2024,136021000.0,1.3147685430926106,0.0
MIA,179350729.0,"$-38,762,729",2024,136021000.0,1.3185517603899397,0.0
NOP,182966321.0,"$-42,378,321",2024,136021000.0,1.3451328912447342,0.0
DAL,187147472.0,"$-46,559,472",2024,136021000.0,1.375871902132759,0.0
NYK,188877651.0,"$-48,289,651",2024,136021000.0,1.3885918424360943,0.0
DEN,192786656.0,"$-52,198,656",2024,136021000.0,1.417330088736298,0.0
MIL,195746447.0,"$-55,158,447",2024,136021000.0,1.439089897883415,0.0
BOS,197048229.0,"$-56,460,229",2024,136021000.0,1.4486603465641334,0.0
GSW,199518342.0,"$-58,930,342",2024,136021000.0,1.4668201380669161,0.0
LAL,200785985.0,"$-60,197,985",2024,136021000.0,1.4761396034435859,0.0
WAS,211677970.0,"$-71,089,970",2024,136021000.0,1.5562153638041185,0.0
PHO,228464502.0,"$-87,876,502",2024,136021000.0,1.6796266899963976,0.0
MIN,236725861.0,"$-96,137,861",2024,136021000.0,1.7403625984223023,0.0
